<?xml version="1.0" encoding="UTF-8"?>
<EtherCATInfo>
  <Vendor>
    <Id>0</Id>
    <Name LcId="1033">ACME EtherCAT Devices</Name>
  </Vendor>
  <Descriptions>
    <Groups>
      <Group>
        <Type>DigIn</Type>
        <Name LcId="1033">Digital input</Name>
      </Group>
    </Groups>
    <Devices>
      <Device Physics="YY ">
        <Type ProductCode="#xab123" RevisionNo="#x2">v1.0</Type>
        <Name LcId="1033">Ecat2can</Name>
        <GroupType>DigIn</GroupType>
        <Profile>
          <ProfileNo>5001</ProfileNo>
          <AddInfo>0</AddInfo>
          <Dictionary>
            <DataTypes>
              <DataType>
                <Name>DT1018</Name>
                <BitSize>144</BitSize>
                <SubItem>
                  <SubIdx>0</SubIdx>
                  <Name>Max SubIndex</Name>
                  <Type>USINT</Type>
                  <BitSize>8</BitSize>
                  <BitOffs>0</BitOffs>
                  <Flags>
                    <Access>ro</Access>
                  </Flags>
                </SubItem>
                <SubItem>
                  <SubIdx>1</SubIdx>
                  <Name>Vendor ID</Name>
                  <Type>UDINT</Type>
                  <BitSize>32</BitSize>
                  <BitOffs>16</BitOffs>
                  <Flags>
                    <Access>ro</Access>
                  </Flags>
                </SubItem>
                <SubItem>
                  <SubIdx>2</SubIdx>
                  <Name>Product Code</Name>
                  <Type>UDINT</Type>
                  <BitSize>32</BitSize>
                  <BitOffs>48</BitOffs>
                  <Flags>
                    <Access>ro</Access>
                  </Flags>
                </SubItem>
                <SubItem>
                  <SubIdx>3</SubIdx>
                  <Name>Revision Number</Name>
                  <Type>UDINT</Type>
                  <BitSize>32</BitSize>
                  <BitOffs>80</BitOffs>
                  <Flags>
                    <Access>ro</Access>
                  </Flags>
                </SubItem>
                <SubItem>
                  <SubIdx>4</SubIdx>
                  <Name>Serial Number</Name>
                  <Type>UDINT</Type>
                  <BitSize>32</BitSize>
                  <BitOffs>112</BitOffs>
                  <Flags>
                    <Access>ro</Access>
                  </Flags>
                </SubItem>
              </DataType>
              <DataType>
                <Name>DT10F1</Name>
                <BitSize>80</BitSize>
                <SubItem>
                  <SubIdx>0</SubIdx>
                  <Name>Max SubIndex</Name>
                  <Type>USINT</Type>
                  <BitSize>8</BitSize>
                  <BitOffs>0</BitOffs>
                  <Flags>
                    <Access>ro</Access>
                  </Flags>
                </SubItem>
                <SubItem>
                  <SubIdx>1</SubIdx>
                  <Name>Local Error Reaction</Name>
                  <Type>UDINT</Type>
                  <BitSize>32</BitSize>
                  <BitOffs>16</BitOffs>
                  <Flags>
                    <Access WriteRestrictions="PreOP">ro</Access>
                  </Flags>
                </SubItem>
                <SubItem>
                  <SubIdx>2</SubIdx>
                  <Name>SyncErrorCounterLimit</Name>
                  <Type>UDINT</Type>
                  <BitSize>32</BitSize>
                  <BitOffs>48</BitOffs>
                  <Flags>
                    <Access WriteRestrictions="PreOP">ro</Access>
                  </Flags>
                </SubItem>
              </DataType>
              <DataType>
                <Name>DT1600</Name>
                <BitSize>176</BitSize>
                <SubItem>
                  <SubIdx>0</SubIdx>
                  <Name>Max SubIndex</Name>
                  <Type>USINT</Type>
                  <BitSize>8</BitSize>
                  <BitOffs>0</BitOffs>
                  <Flags>
                    <Access>ro</Access>
                  </Flags>
                </SubItem>
                <SubItem>
                  <SubIdx>1</SubIdx>
                  <Name>StdId</Name>
                  <Type>UDINT</Type>
                  <BitSize>32</BitSize>
                  <BitOffs>16</BitOffs>
                  <Flags>
                    <Access>ro</Access>
                  </Flags>
                </SubItem>
                <SubItem>
                  <SubIdx>2</SubIdx>
                  <Name>ExtId</Name>
                  <Type>UDINT</Type>
                  <BitSize>32</BitSize>
                  <BitOffs>48</BitOffs>
                  <Flags>
                    <Access>ro</Access>
                  </Flags>
                </SubItem>
                <SubItem>
                  <SubIdx>3</SubIdx>
                  <Name>IDE</Name>
                  <Type>UDINT</Type>
                  <BitSize>32</BitSize>
                  <BitOffs>80</BitOffs>
                  <Flags>
                    <Access>ro</Access>
                  </Flags>
                </SubItem>
                <SubItem>
                  <SubIdx>4</SubIdx>
                  <Name>RTR</Name>
                  <Type>UDINT</Type>
                  <BitSize>32</BitSize>
                  <BitOffs>112</BitOffs>
                  <Flags>
                    <Access>ro</Access>
                  </Flags>
                </SubItem>
                <SubItem>
                  <SubIdx>5</SubIdx>
                  <Name>DLC</Name>
                  <Type>UDINT</Type>
                  <BitSize>32</BitSize>
                  <BitOffs>144</BitOffs>
                  <Flags>
                    <Access>ro</Access>
                  </Flags>
                </SubItem>
              </DataType>
              <DataType>
                <Name>DT1601</Name>
                <BitSize>272</BitSize>
                <SubItem>
                  <SubIdx>0</SubIdx>
                  <Name>Max SubIndex</Name>
                  <Type>USINT</Type>
                  <BitSize>8</BitSize>
                  <BitOffs>0</BitOffs>
                  <Flags>
                    <Access>ro</Access>
                  </Flags>
                </SubItem>
                <SubItem>
                  <SubIdx>1</SubIdx>
                  <Name>d1</Name>
                  <Type>UDINT</Type>
                  <BitSize>32</BitSize>
                  <BitOffs>16</BitOffs>
                  <Flags>
                    <Access>ro</Access>
                  </Flags>
                </SubItem>
                <SubItem>
                  <SubIdx>2</SubIdx>
                  <Name>d2</Name>
                  <Type>UDINT</Type>
                  <BitSize>32</BitSize>
                  <BitOffs>48</BitOffs>
                  <Flags>
                    <Access>ro</Access>
                  </Flags>
                </SubItem>
                <SubItem>
                  <SubIdx>3</SubIdx>
                  <Name>d3</Name>
                  <Type>UDINT</Type>
                  <BitSize>32</BitSize>
                  <BitOffs>80</BitOffs>
                  <Flags>
                    <Access>ro</Access>
                  </Flags>
                </SubItem>
                <SubItem>
                  <SubIdx>4</SubIdx>
                  <Name>d4</Name>
                  <Type>UDINT</Type>
                  <BitSize>32</BitSize>
                  <BitOffs>112</BitOffs>
                  <Flags>
                    <Access>ro</Access>
                  </Flags>
                </SubItem>
                <SubItem>
                  <SubIdx>5</SubIdx>
                  <Name>d5</Name>
                  <Type>UDINT</Type>
                  <BitSize>32</BitSize>
                  <BitOffs>144</BitOffs>
                  <Flags>
                    <Access>ro</Access>
                  </Flags>
                </SubItem>
                <SubItem>
                  <SubIdx>6</SubIdx>
                  <Name>d6</Name>
                  <Type>UDINT</Type>
                  <BitSize>32</BitSize>
                  <BitOffs>176</BitOffs>
                  <Flags>
                    <Access>ro</Access>
                  </Flags>
                </SubItem>
                <SubItem>
                  <SubIdx>7</SubIdx>
                  <Name>d7</Name>
                  <Type>UDINT</Type>
                  <BitSize>32</BitSize>
                  <BitOffs>208</BitOffs>
                  <Flags>
                    <Access>ro</Access>
                  </Flags>
                </SubItem>
                <SubItem>
                  <SubIdx>8</SubIdx>
                  <Name>d8</Name>
                  <Type>UDINT</Type>
                  <BitSize>32</BitSize>
                  <BitOffs>240</BitOffs>
                  <Flags>
                    <Access>ro</Access>
                  </Flags>
                </SubItem>
              </DataType>
              <DataType>
                <Name>DT1602</Name>
                <BitSize>112</BitSize>
                <SubItem>
                  <SubIdx>0</SubIdx>
                  <Name>Max SubIndex</Name>
                  <Type>USINT</Type>
                  <BitSize>8</BitSize>
                  <BitOffs>0</BitOffs>
                  <Flags>
                    <Access>ro</Access>
                  </Flags>
                </SubItem>
                <SubItem>
                  <SubIdx>1</SubIdx>
                  <Name>L0</Name>
                  <Type>UDINT</Type>
                  <BitSize>32</BitSize>
                  <BitOffs>16</BitOffs>
                  <Flags>
                    <Access>ro</Access>
                  </Flags>
                </SubItem>
                <SubItem>
                  <SubIdx>2</SubIdx>
                  <Name>L1</Name>
                  <Type>UDINT</Type>
                  <BitSize>32</BitSize>
                  <BitOffs>48</BitOffs>
                  <Flags>
                    <Access>ro</Access>
                  </Flags>
                </SubItem>
                <SubItem>
                  <SubIdx>3</SubIdx>
                  <Name>L2</Name>
                  <Type>UDINT</Type>
                  <BitSize>32</BitSize>
                  <BitOffs>80</BitOffs>
                  <Flags>
                    <Access>ro</Access>
                  </Flags>
                </SubItem>
              </DataType>
              <DataType>
                <Name>DT1A00</Name>
                <BitSize>48</BitSize>
                <SubItem>
                  <SubIdx>0</SubIdx>
                  <Name>Max SubIndex</Name>
                  <Type>USINT</Type>
                  <BitSize>8</BitSize>
                  <BitOffs>0</BitOffs>
                  <Flags>
                    <Access>ro</Access>
                  </Flags>
                </SubItem>
                <SubItem>
                  <SubIdx>1</SubIdx>
                  <Name>stdid</Name>
                  <Type>UDINT</Type>
                  <BitSize>32</BitSize>
                  <BitOffs>16</BitOffs>
                  <Flags>
                    <Access>ro</Access>
                  </Flags>
                </SubItem>
              </DataType>
              <DataType>
                <Name>DT1C00ARR</Name>
                <BaseType>USINT</BaseType>
                <BitSize>32</BitSize>
                <ArrayInfo>
                  <LBound>1</LBound>
                  <Elements>4</Elements>
                </ArrayInfo>
              </DataType>
              <DataType>
                <Name>DT1C00</Name>
                <BitSize>48</BitSize>
                <SubItem>
                  <SubIdx>0</SubIdx>
                  <Name>Max SubIndex</Name>
                  <Type>USINT</Type>
                  <BitSize>8</BitSize>
                  <BitOffs>0</BitOffs>
                  <Flags>
                    <Access>ro</Access>
                  </Flags>
                </SubItem>
                <SubItem>
                  <Name>Elements</Name>
                  <Type>DT1C00ARR</Type>
                  <BitSize>32</BitSize>
                  <BitOffs>16</BitOffs>
                  <Flags>
                    <Access>ro</Access>
                  </Flags>
                </SubItem>
              </DataType>
              <DataType>
                <Name>DT1C12ARR</Name>
                <BaseType>UINT</BaseType>
                <BitSize>48</BitSize>
                <ArrayInfo>
                  <LBound>1</LBound>
                  <Elements>3</Elements>
                </ArrayInfo>
              </DataType>
              <DataType>
                <Name>DT1C12</Name>
                <BitSize>64</BitSize>
                <SubItem>
                  <SubIdx>0</SubIdx>
                  <Name>Max SubIndex</Name>
                  <Type>USINT</Type>
                  <BitSize>8</BitSize>
                  <BitOffs>0</BitOffs>
                  <Flags>
                    <Access>ro</Access>
                  </Flags>
                </SubItem>
                <SubItem>
                  <Name>Elements</Name>
                  <Type>DT1C12ARR</Type>
                  <BitSize>48</BitSize>
                  <BitOffs>16</BitOffs>
                  <Flags>
                    <Access>ro</Access>
                  </Flags>
                </SubItem>
              </DataType>
              <DataType>
                <Name>DT1C13ARR</Name>
                <BaseType>UINT</BaseType>
                <BitSize>16</BitSize>
                <ArrayInfo>
                  <LBound>1</LBound>
                  <Elements>1</Elements>
                </ArrayInfo>
              </DataType>
              <DataType>
                <Name>DT1C13</Name>
                <BitSize>32</BitSize>
                <SubItem>
                  <SubIdx>0</SubIdx>
                  <Name>Max SubIndex</Name>
                  <Type>USINT</Type>
                  <BitSize>8</BitSize>
                  <BitOffs>0</BitOffs>
                  <Flags>
                    <Access>ro</Access>
                  </Flags>
                </SubItem>
                <SubItem>
                  <Name>Elements</Name>
                  <Type>DT1C13ARR</Type>
                  <BitSize>16</BitSize>
                  <BitOffs>16</BitOffs>
                  <Flags>
                    <Access>ro</Access>
                  </Flags>
                </SubItem>
              </DataType>
              <DataType>
                <Name>DT1C32</Name>
                <BitSize>144</BitSize>
                <SubItem>
                  <SubIdx>0</SubIdx>
                  <Name>Max SubIndex</Name>
                  <Type>USINT</Type>
                  <BitSize>8</BitSize>
                  <BitOffs>0</BitOffs>
                  <Flags>
                    <Access>ro</Access>
                  </Flags>
                </SubItem>
                <SubItem>
                  <SubIdx>1</SubIdx>
                  <Name>Sync mode</Name>
                  <Type>UINT</Type>
                  <BitSize>16</BitSize>
                  <BitOffs>16</BitOffs>
                  <Flags>
                    <Access WriteRestrictions="PreOP">rw</Access>
                  </Flags>
                </SubItem>
                <SubItem>
                  <SubIdx>2</SubIdx>
                  <Name>CycleTime</Name>
                  <Type>UDINT</Type>
                  <BitSize>32</BitSize>
                  <BitOffs>32</BitOffs>
                  <Flags>
                    <Access>ro</Access>
                  </Flags>
                </SubItem>
                <SubItem>
                  <SubIdx>3</SubIdx>
                  <Name>ShiftTime</Name>
                  <Type>UDINT</Type>
                  <BitSize>32</BitSize>
                  <BitOffs>64</BitOffs>
                  <Flags>
                    <Access>ro</Access>
                  </Flags>
                </SubItem>
                <SubItem>
                  <SubIdx>4</SubIdx>
                  <Name>Sync modes supported</Name>
                  <Type>UINT</Type>
                  <BitSize>16</BitSize>
                  <BitOffs>96</BitOffs>
                  <Flags>
                    <Access>ro</Access>
                  </Flags>
                </SubItem>
                <SubItem>
                  <SubIdx>5</SubIdx>
                  <Name>Minimum Cycle Time</Name>
                  <Type>UDINT</Type>
                  <BitSize>32</BitSize>
                  <BitOffs>112</BitOffs>
                  <Flags>
                    <Access>ro</Access>
                  </Flags>
                </SubItem>
              </DataType>
              <DataType>
                <Name>DT1C33</Name>
                <BitSize>144</BitSize>
                <SubItem>
                  <SubIdx>0</SubIdx>
                  <Name>Max SubIndex</Name>
                  <Type>USINT</Type>
                  <BitSize>8</BitSize>
                  <BitOffs>0</BitOffs>
                  <Flags>
                    <Access>ro</Access>
                  </Flags>
                </SubItem>
                <SubItem>
                  <SubIdx>1</SubIdx>
                  <Name>Sync mode</Name>
                  <Type>UINT</Type>
                  <BitSize>16</BitSize>
                  <BitOffs>16</BitOffs>
                  <Flags>
                    <Access WriteRestrictions="PreOP">rw</Access>
                  </Flags>
                </SubItem>
                <SubItem>
                  <SubIdx>2</SubIdx>
                  <Name>CycleTime</Name>
                  <Type>UDINT</Type>
                  <BitSize>32</BitSize>
                  <BitOffs>32</BitOffs>
                  <Flags>
                    <Access WriteRestrictions="PreOP">ro</Access>
                  </Flags>
                </SubItem>
                <SubItem>
                  <SubIdx>3</SubIdx>
                  <Name>ShiftTime</Name>
                  <Type>UDINT</Type>
                  <BitSize>32</BitSize>
                  <BitOffs>64</BitOffs>
                  <Flags>
                    <Access WriteRestrictions="PreOP">ro</Access>
                  </Flags>
                </SubItem>
                <SubItem>
                  <SubIdx>4</SubIdx>
                  <Name>Sync modes supported</Name>
                  <Type>UINT</Type>
                  <BitSize>16</BitSize>
                  <BitOffs>96</BitOffs>
                  <Flags>
                    <Access WriteRestrictions="PreOP">ro</Access>
                  </Flags>
                </SubItem>
                <SubItem>
                  <SubIdx>5</SubIdx>
                  <Name>Minimum Cycle Time</Name>
                  <Type>UDINT</Type>
                  <BitSize>32</BitSize>
                  <BitOffs>112</BitOffs>
                  <Flags>
                    <Access WriteRestrictions="PreOP">ro</Access>
                  </Flags>
                </SubItem>
              </DataType>
              <DataType>
                <Name>DT6000</Name>
                <BitSize>24</BitSize>
                <SubItem>
                  <SubIdx>0</SubIdx>
                  <Name>Max SubIndex</Name>
                  <Type>USINT</Type>
                  <BitSize>8</BitSize>
                  <BitOffs>0</BitOffs>
                  <Flags>
                    <Access>ro</Access>
                  </Flags>
                </SubItem>
                <SubItem>
                  <SubIdx>1</SubIdx>
                  <Name>stdid</Name>
                  <Type>USINT</Type>
                  <BitSize>8</BitSize>
                  <BitOffs>16</BitOffs>
                  <Flags>
                    <Access WriteRestrictions="PreOP">rw</Access>
                  <PdoMapping>T</PdoMapping>
                  </Flags>
                </SubItem>
              </DataType>
              <DataType>
                <Name>DT7000</Name>
                <BitSize>80</BitSize>
                <SubItem>
                  <SubIdx>0</SubIdx>
                  <Name>Max SubIndex</Name>
                  <Type>USINT</Type>
                  <BitSize>8</BitSize>
                  <BitOffs>0</BitOffs>
                  <Flags>
                    <Access>ro</Access>
                  </Flags>
                </SubItem>
                <SubItem>
                  <SubIdx>1</SubIdx>
                  <Name>StdId</Name>
                  <Type>UDINT</Type>
                  <BitSize>32</BitSize>
                  <BitOffs>16</BitOffs>
                  <Flags>
                    <Access WriteRestrictions="PreOP">ro</Access>
                  <PdoMapping>R</PdoMapping>
                  </Flags>
                </SubItem>
                <SubItem>
                  <SubIdx>2</SubIdx>
                  <Name>ExtId</Name>
                  <Type>USINT</Type>
                  <BitSize>8</BitSize>
                  <BitOffs>48</BitOffs>
                  <Flags>
                    <Access WriteRestrictions="PreOP">ro</Access>
                  <PdoMapping>R</PdoMapping>
                  </Flags>
                </SubItem>
                <SubItem>
                  <SubIdx>3</SubIdx>
                  <Name>IDE</Name>
                  <Type>USINT</Type>
                  <BitSize>8</BitSize>
                  <BitOffs>56</BitOffs>
                  <Flags>
                    <Access WriteRestrictions="PreOP">ro</Access>
                  <PdoMapping>R</PdoMapping>
                  </Flags>
                </SubItem>
                <SubItem>
                  <SubIdx>4</SubIdx>
                  <Name>RTR</Name>
                  <Type>USINT</Type>
                  <BitSize>8</BitSize>
                  <BitOffs>64</BitOffs>
                  <Flags>
                    <Access WriteRestrictions="PreOP">ro</Access>
                  <PdoMapping>R</PdoMapping>
                  </Flags>
                </SubItem>
                <SubItem>
                  <SubIdx>5</SubIdx>
                  <Name>DLC</Name>
                  <Type>USINT</Type>
                  <BitSize>8</BitSize>
                  <BitOffs>72</BitOffs>
                  <Flags>
                    <Access WriteRestrictions="PreOP">ro</Access>
                  <PdoMapping>R</PdoMapping>
                  </Flags>
                </SubItem>
              </DataType>
              <DataType>
                <Name>DT7001ARR</Name>
                <BaseType>USINT</BaseType>
                <BitSize>64</BitSize>
                <ArrayInfo>
                  <LBound>1</LBound>
                  <Elements>8</Elements>
                </ArrayInfo>
              </DataType>
              <DataType>
                <Name>DT7001</Name>
                <BitSize>80</BitSize>
                <SubItem>
                  <SubIdx>0</SubIdx>
                  <Name>Max SubIndex</Name>
                  <Type>USINT</Type>
                  <BitSize>8</BitSize>
                  <BitOffs>0</BitOffs>
                  <Flags>
                    <Access>ro</Access>
                  </Flags>
                </SubItem>
                <SubItem>
                  <Name>Elements</Name>
                  <Type>DT7001ARR</Type>
                  <BitSize>64</BitSize>
                  <BitOffs>16</BitOffs>
                  <Flags>
                    <Access>ro</Access>
                  <PdoMapping>R</PdoMapping>
                  </Flags>
                </SubItem>
              </DataType>
              <DataType>
                <Name>DT7002ARR</Name>
                <BaseType>BOOL</BaseType>
                <BitSize>3</BitSize>
                <ArrayInfo>
                  <LBound>1</LBound>
                  <Elements>3</Elements>
                </ArrayInfo>
              </DataType>
              <DataType>
                <Name>DT7002</Name>
                <BitSize>19</BitSize>
                <SubItem>
                  <SubIdx>0</SubIdx>
                  <Name>Max SubIndex</Name>
                  <Type>USINT</Type>
                  <BitSize>8</BitSize>
                  <BitOffs>0</BitOffs>
                  <Flags>
                    <Access>ro</Access>
                  </Flags>
                </SubItem>
                <SubItem>
                  <Name>Elements</Name>
                  <Type>DT7002ARR</Type>
                  <BitSize>3</BitSize>
                  <BitOffs>16</BitOffs>
                  <Flags>
                    <Access>ro</Access>
                  <PdoMapping>R</PdoMapping>
                  </Flags>
                </SubItem>
              </DataType>
              <DataType>
                <Name>UDINT</Name>
                <BitSize>32</BitSize>
              </DataType>
              <DataType>
                <Name>USINT</Name>
                <BitSize>8</BitSize>
              </DataType>
              <DataType>
                <Name>STRING(8)</Name>
                <BitSize>64</BitSize>
              </DataType>
              <DataType>
                <Name>STRING(5)</Name>
                <BitSize>40</BitSize>
              </DataType>
              <DataType>
                <Name>UINT</Name>
                <BitSize>16</BitSize>
              </DataType>
              <DataType>
                <Name>SINT</Name>
                <BitSize>8</BitSize>
              </DataType>
              <DataType>
                <Name>BOOL</Name>
                <BitSize>1</BitSize>
              </DataType>
            </DataTypes>
            <Objects>
              <Object>
                <Index>#x1000</Index>
                <Name>Device Type</Name>
                <Type>UDINT</Type>
                <BitSize>32</BitSize>
                <Info>
                  <DefaultValue>5001</DefaultValue>
                </Info>
                <Flags>
                  <Access>ro</Access>
                  <Category>m</Category>
                </Flags>
              </Object>
              <Object>
                <Index>#x1001</Index>
                <Name>Error register</Name>
                <Type>USINT</Type>
                <BitSize>8</BitSize>
                <Info>
                  <DefaultValue>0</DefaultValue>
                </Info>
                <Flags>
                  <Access>ro</Access>
                </Flags>
              </Object>
              <Object>
                <Index>#x1008</Index>
                <Name>Device Name</Name>
                <Type>STRING(8)</Type>
                <BitSize>64</BitSize>
                <Info>
                  <DefaultString>Ecat2can</DefaultString>
                </Info>
                <Flags>
                  <Access>ro</Access>
                </Flags>
              </Object>
              <Object>
                <Index>#x1009</Index>
                <Name>Hardware Version</Name>
                <Type>STRING(5)</Type>
                <BitSize>40</BitSize>
                <Info>
                  <DefaultString>0.0.1</DefaultString>
                </Info>
                <Flags>
                  <Access>ro</Access>
                  <Category>o</Category>
                </Flags>
              </Object>
              <Object>
                <Index>#x100A</Index>
                <Name>Software Version</Name>
                <Type>STRING(5)</Type>
                <BitSize>40</BitSize>
                <Info>
                  <DefaultString>0.0.1</DefaultString>
                </Info>
                <Flags>
                  <Access>ro</Access>
                </Flags>
              </Object>
              <Object>
                <Index>#x1018</Index>
                <Name>Identity Object</Name>
                <Type>DT1018</Type>
                <BitSize>144</BitSize>
                <Info>
                  <SubItem>
                    <Name>Max SubIndex</Name>
                    <Info>
                      <DefaultValue>4</DefaultValue>
                    </Info>
                  </SubItem>
                  <SubItem>
                    <Name>Vendor ID</Name>
                    <Info>
                      <DefaultValue>0</DefaultValue>
                    </Info>
                  </SubItem>
                  <SubItem>
                    <Name>Product Code</Name>
                    <Info>
                      <DefaultValue>700707</DefaultValue>
                    </Info>
                  </SubItem>
                  <SubItem>
                    <Name>Revision Number</Name>
                    <Info>
                      <DefaultValue>2</DefaultValue>
                    </Info>
                  </SubItem>
                  <SubItem>
                    <Name>Serial Number</Name>
                    <Info>
                      <DefaultValue>1</DefaultValue>
                    </Info>
                  </SubItem>
                </Info>
                <Flags>
                  <Access>ro</Access>
                </Flags>
              </Object>
              <Object>
                <Index>#x10F1</Index>
                <Name>Error Settings</Name>
                <Type>DT10F1</Type>
                <BitSize>80</BitSize>
                <Info>
                  <SubItem>
                    <Name>Max SubIndex</Name>
                    <Info>
                      <DefaultValue>2</DefaultValue>
                    </Info>
                  </SubItem>
                  <SubItem>
                    <Name>Local Error Reaction</Name>
                    <Info>
                      <DefaultValue>0</DefaultValue>
                    </Info>
                  </SubItem>
                  <SubItem>
                    <Name>SyncErrorCounterLimit</Name>
                    <Info>
                      <DefaultValue>200</DefaultValue>
                    </Info>
                  </SubItem>
                </Info>
                <Flags>
                  <Access>ro</Access>
                </Flags>
              </Object>
              <Object>
                <Index>#x1600</Index>
                <Name>can1</Name>
                <Type>DT1600</Type>
                <BitSize>176</BitSize>
                <Info>
                  <SubItem>
                    <Name>Max SubIndex</Name>
                    <Info>
                      <DefaultValue>5</DefaultValue>
                    </Info>
                  </SubItem>
                  <SubItem>
                    <Name>StdId</Name>
                    <Info>
                      <DefaultValue>#x70000120</DefaultValue>
                    </Info>
                  </SubItem>
                  <SubItem>
                    <Name>ExtId</Name>
                    <Info>
                      <DefaultValue>#x70000208</DefaultValue>
                    </Info>
                  </SubItem>
                  <SubItem>
                    <Name>IDE</Name>
                    <Info>
                      <DefaultValue>#x70000308</DefaultValue>
                    </Info>
                  </SubItem>
                  <SubItem>
                    <Name>RTR</Name>
                    <Info>
                      <DefaultValue>#x70000408</DefaultValue>
                    </Info>
                  </SubItem>
                  <SubItem>
                    <Name>DLC</Name>
                    <Info>
                      <DefaultValue>#x70000508</DefaultValue>
                    </Info>
                  </SubItem>
                </Info>
                <Flags>
                  <Access>ro</Access>
                </Flags>
              </Object>
              <Object>
                <Index>#x1601</Index>
                <Name>can1_data</Name>
                <Type>DT1601</Type>
                <BitSize>272</BitSize>
                <Info>
                  <SubItem>
                    <Name>Max SubIndex</Name>
                    <Info>
                      <DefaultValue>8</DefaultValue>
                    </Info>
                  </SubItem>
                  <SubItem>
                    <Name>d1</Name>
                    <Info>
                      <DefaultValue>#x70010108</DefaultValue>
                    </Info>
                  </SubItem>
                  <SubItem>
                    <Name>d2</Name>
                    <Info>
                      <DefaultValue>#x70010208</DefaultValue>
                    </Info>
                  </SubItem>
                  <SubItem>
                    <Name>d3</Name>
                    <Info>
                      <DefaultValue>#x70010308</DefaultValue>
                    </Info>
                  </SubItem>
                  <SubItem>
                    <Name>d4</Name>
                    <Info>
                      <DefaultValue>#x70010408</DefaultValue>
                    </Info>
                  </SubItem>
                  <SubItem>
                    <Name>d5</Name>
                    <Info>
                      <DefaultValue>#x70010508</DefaultValue>
                    </Info>
                  </SubItem>
                  <SubItem>
                    <Name>d6</Name>
                    <Info>
                      <DefaultValue>#x70010608</DefaultValue>
                    </Info>
                  </SubItem>
                  <SubItem>
                    <Name>d7</Name>
                    <Info>
                      <DefaultValue>#x70010708</DefaultValue>
                    </Info>
                  </SubItem>
                  <SubItem>
                    <Name>d8</Name>
                    <Info>
                      <DefaultValue>#x70010808</DefaultValue>
                    </Info>
                  </SubItem>
                </Info>
                <Flags>
                  <Access>ro</Access>
                </Flags>
              </Object>
              <Object>
                <Index>#x1602</Index>
                <Name>led</Name>
                <Type>DT1602</Type>
                <BitSize>112</BitSize>
                <Info>
                  <SubItem>
                    <Name>Max SubIndex</Name>
                    <Info>
                      <DefaultValue>3</DefaultValue>
                    </Info>
                  </SubItem>
                  <SubItem>
                    <Name>L0</Name>
                    <Info>
                      <DefaultValue>#x70020101</DefaultValue>
                    </Info>
                  </SubItem>
                  <SubItem>
                    <Name>L1</Name>
                    <Info>
                      <DefaultValue>#x70020201</DefaultValue>
                    </Info>
                  </SubItem>
                  <SubItem>
                    <Name>L2</Name>
                    <Info>
                      <DefaultValue>#x70020301</DefaultValue>
                    </Info>
                  </SubItem>
                </Info>
                <Flags>
                  <Access>ro</Access>
                </Flags>
              </Object>
              <Object>
                <Index>#x1A00</Index>
                <Name>can1_rec</Name>
                <Type>DT1A00</Type>
                <BitSize>48</BitSize>
                <Info>
                  <SubItem>
                    <Name>Max SubIndex</Name>
                    <Info>
                      <DefaultValue>1</DefaultValue>
                    </Info>
                  </SubItem>
                  <SubItem>
                    <Name>stdid</Name>
                    <Info>
                      <DefaultValue>#x60000108</DefaultValue>
                    </Info>
                  </SubItem>
                </Info>
                <Flags>
                  <Access>ro</Access>
                </Flags>
              </Object>
              <Object>
                <Index>#x1C00</Index>
                <Name>Sync Manager Communication Type</Name>
                <Type>DT1C00</Type>
                <BitSize>48</BitSize>
                <Info>
                  <SubItem>
                    <Name>Max SubIndex</Name>
                    <Info>
                      <DefaultValue>4</DefaultValue>
                    </Info>
                  </SubItem>
                  <SubItem>
                    <Name>Communications Type SM0</Name>
                    <Info>
                      <DefaultValue>1</DefaultValue>
                    </Info>
                  </SubItem>
                  <SubItem>
                    <Name>Communications Type SM1</Name>
                    <Info>
                      <DefaultValue>2</DefaultValue>
                    </Info>
                  </SubItem>
                  <SubItem>
                    <Name>Communications Type SM2</Name>
                    <Info>
                      <DefaultValue>3</DefaultValue>
                    </Info>
                  </SubItem>
                  <SubItem>
                    <Name>Communications Type SM3</Name>
                    <Info>
                      <DefaultValue>4</DefaultValue>
                    </Info>
                  </SubItem>
                </Info>
                <Flags>
                  <Access>ro</Access>
                </Flags>
              </Object>
              <Object>
                <Index>#x1C12</Index>
                <Name>Sync Manager 2 PDO Assignment</Name>
                <Type>DT1C12</Type>
                <BitSize>64</BitSize>
                <Info>
                  <SubItem>
                    <Name>Max SubIndex</Name>
                    <Info>
                      <DefaultValue>3</DefaultValue>
                    </Info>
                  </SubItem>
                  <SubItem>
                    <Name>PDO Mapping</Name>
                    <Info>
                      <DefaultValue>#x1600</DefaultValue>
                    </Info>
                  </SubItem>
                  <SubItem>
                    <Name>PDO Mapping</Name>
                    <Info>
                      <DefaultValue>#x1601</DefaultValue>
                    </Info>
                  </SubItem>
                  <SubItem>
                    <Name>PDO Mapping</Name>
                    <Info>
                      <DefaultValue>#x1602</DefaultValue>
                    </Info>
                  </SubItem>
                </Info>
                <Flags>
                  <Access>ro</Access>
                </Flags>
              </Object>
              <Object>
                <Index>#x1C13</Index>
                <Name>Sync Manager 3 PDO Assignment</Name>
                <Type>DT1C13</Type>
                <BitSize>32</BitSize>
                <Info>
                  <SubItem>
                    <Name>Max SubIndex</Name>
                    <Info>
                      <DefaultValue>1</DefaultValue>
                    </Info>
                  </SubItem>
                  <SubItem>
                    <Name>PDO Mapping</Name>
                    <Info>
                      <DefaultValue>#x1A00</DefaultValue>
                    </Info>
                  </SubItem>
                </Info>
                <Flags>
                  <Access>ro</Access>
                </Flags>
              </Object>
              <Object>
                <Index>#x1C32</Index>
                <Name>Sync Manager 2 Parameters</Name>
                <Type>DT1C32</Type>
                <BitSize>144</BitSize>
                <Info>
                  <SubItem>
                    <Name>Max SubIndex</Name>
                    <Info>
                      <DefaultValue>5</DefaultValue>
                    </Info>
                  </SubItem>
                  <SubItem>
                    <Name>Sync mode</Name>
                    <Info>
                      <DefaultValue>1</DefaultValue>
                    </Info>
                  </SubItem>
                  <SubItem>
                    <Name>CycleTime</Name>
                    <Info>
                      <DefaultValue>0</DefaultValue>
                    </Info>
                  </SubItem>
                  <SubItem>
                    <Name>ShiftTime</Name>
                    <Info>
                      <DefaultValue>0</DefaultValue>
                    </Info>
                  </SubItem>
                  <SubItem>
                    <Name>Sync modes supported</Name>
                    <Info>
                      <DefaultValue>6</DefaultValue>
                    </Info>
                  </SubItem>
                  <SubItem>
                    <Name>Minimum Cycle Time</Name>
                    <Info>
                      <DefaultValue>125000</DefaultValue>
                    </Info>
                  </SubItem>
                </Info>
                <Flags>
                  <Access>ro</Access>
                </Flags>
              </Object>
              <Object>
                <Index>#x1C33</Index>
                <Name>Sync Manager 3 Parameters</Name>
                <Type>DT1C33</Type>
                <BitSize>144</BitSize>
                <Info>
                  <SubItem>
                    <Name>Max SubIndex</Name>
                    <Info>
                      <DefaultValue>5</DefaultValue>
                    </Info>
                  </SubItem>
                  <SubItem>
                    <Name>Sync mode</Name>
                    <Info>
                      <DefaultValue>1</DefaultValue>
                    </Info>
                  </SubItem>
                  <SubItem>
                    <Name>CycleTime</Name>
                    <Info>
                      <DefaultValue>0</DefaultValue>
                    </Info>
                  </SubItem>
                  <SubItem>
                    <Name>ShiftTime</Name>
                    <Info>
                      <DefaultValue>0</DefaultValue>
                    </Info>
                  </SubItem>
                  <SubItem>
                    <Name>Sync modes supported</Name>
                    <Info>
                      <DefaultValue>6</DefaultValue>
                    </Info>
                  </SubItem>
                  <SubItem>
                    <Name>Minimum Cycle Time</Name>
                    <Info>
                      <DefaultValue>125000</DefaultValue>
                    </Info>
                  </SubItem>
                </Info>
                <Flags>
                  <Access>ro</Access>
                </Flags>
              </Object>
              <Object>
                <Index>#x6000</Index>
                <Name>can1_rec</Name>
                <Type>DT6000</Type>
                <BitSize>24</BitSize>
                <Info>
                  <SubItem>
                    <Name>Max SubIndex</Name>
                    <Info>
                      <DefaultValue>1</DefaultValue>
                    </Info>
                  </SubItem>
                  <SubItem>
                    <Name>stdid</Name>
                    <Info>
                      <DefaultValue>0</DefaultValue>
                    </Info>
                  </SubItem>
                </Info>
                <Flags>
                  <Access>ro</Access>
                </Flags>
              </Object>
              <Object>
                <Index>#x6060</Index>
                <Name>Modes of operation</Name>
                <Type>SINT</Type>
                <BitSize>8</BitSize>
                <Info>
                  <DefaultValue>0</DefaultValue>
                </Info>
                <Flags>
                  <Access>ro</Access>
                </Flags>
              </Object>
              <Object>
                <Index>#x6061</Index>
                <Name>Mode of operation display</Name>
                <Type>SINT</Type>
                <BitSize>8</BitSize>
                <Info>
                  <DefaultValue>0</DefaultValue>
                </Info>
                <Flags>
                  <Access>ro</Access>
                </Flags>
              </Object>
              <Object>
                <Index>#x6502</Index>
                <Name>Supported drive modes</Name>
                <Type>UDINT</Type>
                <BitSize>32</BitSize>
                <Info>
                  <DefaultValue>0</DefaultValue>
                </Info>
                <Flags>
                  <Access>ro</Access>
                </Flags>
              </Object>
              <Object>
                <Index>#x7000</Index>
                <Name>can1</Name>
                <Type>DT7000</Type>
                <BitSize>80</BitSize>
                <Info>
                  <SubItem>
                    <Name>Max SubIndex</Name>
                    <Info>
                      <DefaultValue>5</DefaultValue>
                    </Info>
                  </SubItem>
                  <SubItem>
                    <Name>StdId</Name>
                    <Info>
                      <DefaultValue>0</DefaultValue>
                    </Info>
                  </SubItem>
                  <SubItem>
                    <Name>ExtId</Name>
                    <Info>
                      <DefaultValue>0</DefaultValue>
                    </Info>
                  </SubItem>
                  <SubItem>
                    <Name>IDE</Name>
                    <Info>
                      <DefaultValue>0</DefaultValue>
                    </Info>
                  </SubItem>
                  <SubItem>
                    <Name>RTR</Name>
                    <Info>
                      <DefaultValue>0</DefaultValue>
                    </Info>
                  </SubItem>
                  <SubItem>
                    <Name>DLC</Name>
                    <Info>
                      <DefaultValue>0</DefaultValue>
                    </Info>
                  </SubItem>
                </Info>
                <Flags>
                  <Access>ro</Access>
                </Flags>
              </Object>
              <Object>
                <Index>#x7001</Index>
                <Name>can1_data</Name>
                <Type>DT7001</Type>
                <BitSize>80</BitSize>
                <Info>
                  <SubItem>
                    <Name>Max SubIndex</Name>
                    <Info>
                      <DefaultValue>8</DefaultValue>
                    </Info>
                  </SubItem>
                  <SubItem>
                    <Name>d1</Name>
                    <Info>
                      <DefaultValue>0</DefaultValue>
                    </Info>
                  </SubItem>
                  <SubItem>
                    <Name>d2</Name>
                    <Info>
                      <DefaultValue>0</DefaultValue>
                    </Info>
                  </SubItem>
                  <SubItem>
                    <Name>d3</Name>
                    <Info>
                      <DefaultValue>0</DefaultValue>
                    </Info>
                  </SubItem>
                  <SubItem>
                    <Name>d4</Name>
                    <Info>
                      <DefaultValue>0</DefaultValue>
                    </Info>
                  </SubItem>
                  <SubItem>
                    <Name>d5</Name>
                    <Info>
                      <DefaultValue>0</DefaultValue>
                    </Info>
                  </SubItem>
                  <SubItem>
                    <Name>d6</Name>
                    <Info>
                      <DefaultValue>0</DefaultValue>
                    </Info>
                  </SubItem>
                  <SubItem>
                    <Name>d7</Name>
                    <Info>
                      <DefaultValue>0</DefaultValue>
                    </Info>
                  </SubItem>
                  <SubItem>
                    <Name>d8</Name>
                    <Info>
                      <DefaultValue>0</DefaultValue>
                    </Info>
                  </SubItem>
                </Info>
                <Flags>
                  <Access>ro</Access>
                </Flags>
              </Object>
              <Object>
                <Index>#x7002</Index>
                <Name>led</Name>
                <Type>DT7002</Type>
                <BitSize>19</BitSize>
                <Info>
                  <SubItem>
                    <Name>Max SubIndex</Name>
                    <Info>
                      <DefaultValue>3</DefaultValue>
                    </Info>
                  </SubItem>
                  <SubItem>
                    <Name>L0</Name>
                    <Info>
                      <DefaultValue>0</DefaultValue>
                    </Info>
                  </SubItem>
                  <SubItem>
                    <Name>L1</Name>
                    <Info>
                      <DefaultValue>0</DefaultValue>
                    </Info>
                  </SubItem>
                  <SubItem>
                    <Name>L2</Name>
                    <Info>
                      <DefaultValue>0</DefaultValue>
                    </Info>
                  </SubItem>
                </Info>
                <Flags>
                  <Access>ro</Access>
                </Flags>
              </Object>
            </Objects>
          </Dictionary>
        </Profile>
        <Fmmu>Outputs</Fmmu>
        <Fmmu>Inputs</Fmmu>
        <Fmmu>MBoxState</Fmmu>
        <Sm DefaultSize="512" StartAddress="#x1000" ControlByte="#x26" Enable="1">MBoxOut</Sm>
        <Sm DefaultSize="512" StartAddress="#x1200" ControlByte="#x22" Enable="1">MBoxIn</Sm>
        <Sm StartAddress="#x1600" ControlByte="#x24" Enable="1">Outputs</Sm>
        <Sm StartAddress="#x1A00" ControlByte="#x20" Enable="1">Inputs</Sm>
        <RxPdo Fixed="true" Mandatory="true" Sm="2">
          <Index>#x1600</Index>
          <Name>can1</Name>
          <Entry>
            <Index>#x7000</Index>
            <SubIndex>#x1</SubIndex>
            <BitLen>32</BitLen>
            <Name>StdId</Name>
            <DataType>UDINT</DataType>
          </Entry>
          <Entry>
            <Index>#x7000</Index>
            <SubIndex>#x2</SubIndex>
            <BitLen>8</BitLen>
            <Name>ExtId</Name>
            <DataType>USINT</DataType>
          </Entry>
          <Entry>
            <Index>#x7000</Index>
            <SubIndex>#x3</SubIndex>
            <BitLen>8</BitLen>
            <Name>IDE</Name>
            <DataType>USINT</DataType>
          </Entry>
          <Entry>
            <Index>#x7000</Index>
            <SubIndex>#x4</SubIndex>
            <BitLen>8</BitLen>
            <Name>RTR</Name>
            <DataType>USINT</DataType>
          </Entry>
          <Entry>
            <Index>#x7000</Index>
            <SubIndex>#x5</SubIndex>
            <BitLen>8</BitLen>
            <Name>DLC</Name>
            <DataType>USINT</DataType>
          </Entry>
        </RxPdo>
        <RxPdo Fixed="true" Mandatory="true" Sm="2">
          <Index>#x1601</Index>
          <Name>can1_data</Name>
          <Entry>
            <Index>#x7001</Index>
            <SubIndex>#x1</SubIndex>
            <BitLen>8</BitLen>
            <Name>d1</Name>
            <DataType>USINT</DataType>
          </Entry>
          <Entry>
            <Index>#x7001</Index>
            <SubIndex>#x2</SubIndex>
            <BitLen>8</BitLen>
            <Name>d2</Name>
            <DataType>USINT</DataType>
          </Entry>
          <Entry>
            <Index>#x7001</Index>
            <SubIndex>#x3</SubIndex>
            <BitLen>8</BitLen>
            <Name>d3</Name>
            <DataType>USINT</DataType>
          </Entry>
          <Entry>
            <Index>#x7001</Index>
            <SubIndex>#x4</SubIndex>
            <BitLen>8</BitLen>
            <Name>d4</Name>
            <DataType>USINT</DataType>
          </Entry>
          <Entry>
            <Index>#x7001</Index>
            <SubIndex>#x5</SubIndex>
            <BitLen>8</BitLen>
            <Name>d5</Name>
            <DataType>USINT</DataType>
          </Entry>
          <Entry>
            <Index>#x7001</Index>
            <SubIndex>#x6</SubIndex>
            <BitLen>8</BitLen>
            <Name>d6</Name>
            <DataType>USINT</DataType>
          </Entry>
          <Entry>
            <Index>#x7001</Index>
            <SubIndex>#x7</SubIndex>
            <BitLen>8</BitLen>
            <Name>d7</Name>
            <DataType>USINT</DataType>
          </Entry>
          <Entry>
            <Index>#x7001</Index>
            <SubIndex>#x8</SubIndex>
            <BitLen>8</BitLen>
            <Name>d8</Name>
            <DataType>USINT</DataType>
          </Entry>
        </RxPdo>
        <RxPdo Fixed="true" Mandatory="true" Sm="2">
          <Index>#x1602</Index>
          <Name>led</Name>
          <Entry>
            <Index>#x7002</Index>
            <SubIndex>#x1</SubIndex>
            <BitLen>1</BitLen>
            <Name>L0</Name>
            <DataType>BOOL</DataType>
          </Entry>
          <Entry>
            <Index>#x7002</Index>
            <SubIndex>#x2</SubIndex>
            <BitLen>1</BitLen>
            <Name>L1</Name>
            <DataType>BOOL</DataType>
          </Entry>
          <Entry>
            <Index>#x7002</Index>
            <SubIndex>#x3</SubIndex>
            <BitLen>1</BitLen>
            <Name>L2</Name>
            <DataType>BOOL</DataType>
          </Entry>
        </RxPdo>
        <TxPdo Fixed="true" Mandatory="true" Sm="3">
          <Index>#x1A00</Index>
          <Name>can1_rec</Name>
          <Entry>
            <Index>#x6000</Index>
            <SubIndex>#x1</SubIndex>
            <BitLen>8</BitLen>
            <Name>stdid</Name>
            <DataType>USINT</DataType>
          </Entry>
        </TxPdo>
        <Mailbox DataLinkLayer="true">
          <CoE SdoInfo="true" PdoAssign="false" PdoConfig="false" PdoUpload="true" CompleteAccess="false" />
        </Mailbox>
        <Dc>
          <OpMode>
            <Name>SM-Synchron</Name>
            <Desc>SM-Synchron</Desc>
            <AssignActivate>#x000</AssignActivate>
          </OpMode>
          <OpMode>
            <Name>DC</Name>
            <Desc>DC-Synchron</Desc>
            <AssignActivate>#x300</AssignActivate>
          </OpMode>
        </Dc>
        <Eeprom>
          <ByteSize>2048</ByteSize>
          <ConfigData>050603446400000000001A000000</ConfigData>
        </Eeprom>
      </Device>
    </Devices>
  </Descriptions>
</EtherCATInfo>